<?xml version="1.0" encoding="UTF-8"?>
<project-private xmlns="http://www.netbeans.org/ns/project-private/1">
    <editor-bookmarks xmlns="http://www.netbeans.org/ns/editor-bookmarks/2" lastBookmarkId="0"/>
    <open-files xmlns="http://www.netbeans.org/ns/projectui-open-files/2">
        <group>
            <file>file:/C:/Users/14155/Documents/NetBeansProjects/JavaApplication4/src/Model/Users.java</file>
            <file>file:/C:/Users/14155/Documents/NetBeansProjects/JavaApplication4/src/Model/Appointments.java</file>
            <file>file:/C:/Users/14155/Documents/NetBeansProjects/JavaApplication4/src/Model/Countries.java</file>
            <file>file:/C:/Users/14155/Documents/NetBeansProjects/JavaApplication4/src/Model/Contacts.java</file>
            <file>file:/C:/Users/14155/Documents/NetBeansProjects/JavaApplication4/src/Controller/MainMenuController.java</file>
            <file>file:/C:/Users/14155/Documents/NetBeansProjects/JavaApplication4/src/Controller/LoginScreenController.java</file>
            <file>file:/C:/Users/14155/Documents/NetBeansProjects/JavaApplication4/src/DAO/JDBC.java</file>
            <file>file:/C:/Users/14155/Documents/NetBeansProjects/JavaApplication4/src/Model/Customers.java</file>
            <file>file:/C:/Users/14155/Documents/NetBeansProjects/JavaApplication4/src/Model/FirstLevelDivisions.java</file>
            <file>file:/C:/Users/14155/Documents/NetBeansProjects/JavaApplication4/src/Controller/AddAppointmentController.java</file>
            <file>file:/C:/Users/14155/Documents/NetBeansProjects/JavaApplication4/src/DAO/DaoImpl.java</file>
            <file>file:/C:/Users/14155/Documents/NetBeansProjects/JavaApplication4/src/Main/JavaApplication4.java</file>
        </group>
    </open-files>
</project-private>
